year,HS2002_6d,country1,country2,val_exp_ijp
2003,540710,32,68,11.06635093688965
2003,540710,32,76,333.1171264648438
2003,540710,32,152,10.42525005340576
2003,540710,32,170,1.743760824203491
2003,540710,32,218,24.76600074768066
2003,540710,32,484,122.3296203613281
2003,540710,32,604,32.24296188354492
2003,540710,32,858,205.3520812988281
2003,540710,36,76,4.054999828338623
2003,540710,36,124,6.952000141143799
2003,540710,36,144,19.33250427246094
2003,540710,36,156,48.07028961181641
2003,540710,36,242,522.9006958007813
2003,540710,36,251,15.83399963378906
2003,540710,36,344,46.32300186157227
2003,540710,36,360,2.867000102996826
2003,540710,36,381,6.221000194549561
2003,540710,36,392,55.2962532043457
2003,540710,36,410,359.5750122070313
2003,540710,36,450,2.101999998092651
2003,540710,36,458,6.629000186920166
2003,540710,36,490,8.944999694824219
2003,540710,36,540,16.17300033569336
2003,540710,36,554,321.5789184570313
2003,540710,36,579,4.947000026702881
2003,540710,36,598,19.64500045776367
2003,540710,36,699,72.28444671630859
2003,540710,36,702,6.948999881744385
2003,540710,36,711,24.03000068664551
2003,540710,36,724,5.715000152587891
2003,540710,36,764,110.3572616577148
2003,540710,36,792,8.756999969482422
2003,540710,36,826,17.45802307128906
2003,540710,36,842,1.939000010490418
2003,540710,40,36,4.408597469329834
2003,540710,40,70,1.205000042915344
2003,540710,40,100,3.837590456008911
2003,540710,40,124,3.484999895095825
2003,540710,40,144,4.669000148773193
2003,540710,40,191,9.416605949401856
2003,540710,40,203,56.77412033081055
2003,540710,40,208,18.87599945068359
2003,540710,40,246,5.616639137268066
2003,540710,40,276,712.791259765625
2003,540710,40,348,412.8669738769531
2003,540710,40,381,36.84152603149414
2003,540710,40,392,4.940000057220459
2003,540710,40,400,1.141999959945679
2003,540710,40,428,11.72985744476318
2003,540710,40,440,1.86899995803833
2003,540710,40,458,2.772000074386597
2003,540710,40,484,88.75199890136719
2003,540710,40,528,114.5609970092773
2003,540710,40,579,1431.436889648438
2003,540710,40,586,3.845999956130981
2003,540710,40,616,105.8410034179688
2003,540710,40,620,55.94599914550781
2003,540710,40,642,27.42132568359375
2003,540710,40,643,14.45037841796875
2003,540710,40,682,6.289000034332275
2003,540710,40,703,28.58509635925293
2003,540710,40,705,13.86864757537842
2003,540710,40,724,257.0537414550781
2003,540710,40,752,29.34199905395508
2003,540710,40,757,81.68952178955078
2003,540710,40,784,1.812000036239624
2003,540710,40,792,10.48957824707031
2003,540710,40,804,74.66000366210938
2003,540710,40,826,11.9069995880127
2003,540710,40,842,73.91100311279297
2003,540710,40,891,20.83499908447266
2003,540710,48,682,5.297999858856201
2003,540710,50,144,11.35099983215332
2003,540710,50,344,7.801000118255615
2003,540710,50,490,11.68900012969971
2003,540710,50,699,2.506999969482422
2003,540710,50,784,3.043999910354614
2003,540710,52,251,26.01199913024902
2003,540710,52,826,2.719000101089478
2003,540710,58,36,35.71799850463867
2003,540710,58,40,27.90426254272461
2003,540710,58,50,13.53600025177002
2003,540710,58,70,75.19300079345703
2003,540710,58,76,25.11333274841309
2003,540710,58,100,51.13088989257813
2003,540710,58,144,53.82500076293945
2003,540710,58,156,68.99760437011719
2003,540710,58,170,3.335999965667725
2003,540710,58,203,340.6294250488281
2003,540710,58,208,71.45494079589844
2003,540710,58,233,2.154000043869019
2003,540710,58,246,107.0914306640625
2003,540710,58,251,12079.69140625
2003,540710,58,268,7.776000022888184
2003,540710,58,276,1640.565185546875
2003,540710,58,300,2.220438241958618
2003,540710,58,344,64.90692901611328
2003,540710,58,348,9.806258201599121
2003,540710,58,376,105.0277328491211
2003,540710,58,381,487.2214660644531
2003,540710,58,392,18.58499908447266
2003,540710,58,400,27.91399955749512
2003,540710,58,410,36.64899826049805
2003,540710,58,422,1.472000002861023
2003,540710,58,440,22.99617004394531
2003,540710,58,446,102.7239990234375
2003,540710,58,450,144.0749969482422
2003,540710,58,480,18.48200035095215
2003,540710,58,490,4.080999851226807
2003,540710,58,504,63.81000137329102
2003,540710,58,528,539.8020629882813
2003,540710,58,554,215.9900817871094
2003,540710,58,579,11.93226337432861
2003,540710,58,616,150.0776824951172
2003,540710,58,620,24.0658130645752
2003,540710,58,642,998.0369873046875
2003,540710,58,643,1780.168334960938
2003,540710,58,682,264.7882385253906
2003,540710,58,703,164.4398651123047
2003,540710,58,711,12.31599998474121
2003,540710,58,724,1010.575500488281
2003,540710,58,752,36.14748001098633
2003,540710,58,757,2142.560546875
2003,540710,58,764,8.046999931335449
2003,540710,58,788,18.23256874084473
2003,540710,58,792,113.9199676513672
2003,540710,58,804,18.70000076293945
2003,540710,58,826,3397.24755859375
2003,540710,58,842,344.5180053710938
2003,540710,70,381,4.333000183105469
2003,540710,76,32,74.97943878173828
2003,540710,76,68,49.50149917602539
2003,540710,76,124,1.45009970664978
2003,540710,76,152,19.20959663391113
2003,540710,76,170,214.9709930419922
2003,540710,76,188,25.01199913024902
2003,540710,76,192,1.139999985694885
2003,540710,76,214,2.635999917984009
2003,540710,76,218,7.133999824523926
2003,540710,76,251,5.65500020980835
2003,540710,76,276,7.907000064849854
2003,540710,76,381,48.07400131225586
2003,540710,76,470,30.59799957275391
2003,540710,76,484,30.11899948120117
2003,540710,76,554,10.92607879638672
2003,540710,76,600,11.76984691619873
2003,540710,76,604,53.20357131958008
2003,540710,76,620,6.823380947113037
2003,540710,76,699,12.30406665802002
2003,540710,76,724,188.9059600830078
2003,540710,76,764,2.160000085830689
2003,540710,76,826,24.33300018310547
2003,540710,76,842,41.32775497436523
2003,540710,76,858,57.20620727539063
2003,540710,76,862,25.27199935913086
2003,540710,100,58,1.175999999046326
2003,540710,100,276,4.967999935150147
2003,540710,100,300,6.182000160217285
2003,540710,100,376,1.190000057220459
2003,540710,100,381,21.47669219970703
2003,540710,100,428,17.65999984741211
2003,540710,100,528,3.969624996185303
2003,540710,100,642,16.56465148925781
2003,540710,100,643,3.058000087738037
2003,540710,100,792,17.6830005645752
2003,540710,100,807,4.373027801513672
2003,540710,100,826,2.163000106811523
2003,540710,100,891,148.4420013427734
2003,540710,112,528,3.099999904632568
2003,540710,112,616,158.7176208496094
2003,540710,112,643,3122.300048828125
2003,540710,112,804,108.1999969482422
2003,540710,124,12,4374.751953125
2003,540710,124,36,2.586847543716431
2003,540710,124,50,5.348999977111816
2003,540710,124,52,6.085999965667725
2003,540710,124,60,1.695000052452087
2003,540710,124,76,198.6239929199219
2003,540710,124,100,2.993000030517578
2003,540710,124,152,9.336199760437012
2003,540710,124,156,1.652999997138977
2003,540710,124,170,48.75199890136719
2003,540710,124,192,42.7509880065918
2003,540710,124,203,120.9749221801758
2003,540710,124,208,3.854000091552734
2003,540710,124,218,1.02400004863739
2003,540710,124,251,33.16536712646484
2003,540710,124,276,430.8401184082031
2003,540710,124,304,2.144000053405762
2003,540710,124,340,3.151000022888184
2003,540710,124,344,97.25800323486328
2003,540710,124,348,2.618538618087769
2003,540710,124,376,490.1349487304688
2003,540710,124,381,3.504016160964966
2003,540710,124,392,19.4330005645752
2003,540710,124,410,85.11061859130859
2003,540710,124,458,101.8059997558594
2003,540710,124,470,1.603999972343445
2003,540710,124,484,463.2501525878906
2003,540710,124,490,115.9869995117188
2003,540710,124,528,5.488343238830566
2003,540710,124,554,21.78291320800781
2003,540710,124,604,1.92955470085144
2003,540710,124,608,43.7859992980957
2003,540710,124,699,58.81518936157227
2003,540710,124,702,132.2496032714844
2003,540710,124,724,75.36568450927734
2003,540710,124,752,10.17859554290772
2003,540710,124,764,20.86623573303223
2003,540710,124,780,13.82999992370606
2003,540710,124,784,189.7140045166016
2003,540710,124,826,84.36206817626953
2003,540710,124,842,22838.3515625
2003,540710,144,50,4.646999835968018
2003,540710,144,208,2.341000080108643
2003,540710,144,620,4.532000064849854
2003,540710,144,724,21.39800071716309
2003,540710,144,826,8.084415435791016
2003,540710,152,68,3.413000106811523
2003,540710,156,12,4651.76953125
2003,540710,156,32,8.716859817504883
2003,540710,156,36,235.7287902832031
2003,540710,156,50,525.3441772460938
2003,540710,156,52,4.336999893188477
2003,540710,156,58,1399.230346679688
2003,540710,156,68,792.72802734375
2003,540710,156,76,241.8950042724609
2003,540710,156,100,124.9280014038086
2003,540710,156,104,33.81399917602539
2003,540710,156,112,36.29999923706055
2003,540710,156,116,4.817999839782715
2003,540710,156,124,53.73417282104492
2003,540710,156,144,171.2870025634766
2003,540710,156,152,91.25715637207031
2003,540710,156,170,58.54081344604492
2003,540710,156,188,55.65299987792969
2003,540710,156,191,8.253000259399414
2003,540710,156,192,220.4859924316406
2003,540710,156,196,3.339245557785034
2003,540710,156,203,193.4920043945313
2003,540710,156,208,93.36537933349609
2003,540710,156,218,5.915805339813232
2003,540710,156,222,13.06799983978272
2003,540710,156,233,12.82199954986572
2003,540710,156,242,187.0130004882813
2003,540710,156,246,2.556999921798706
2003,540710,156,251,719.9793090820313
2003,540710,156,276,464.5812072753906
2003,540710,156,300,59.4158821105957
2003,540710,156,320,48.61991119384766
2003,540710,156,340,26.19199943542481
2003,540710,156,344,434.4118347167969
2003,540710,156,348,54.4683952331543
2003,540710,156,352,1.282999992370606
2003,540710,156,360,1078.276000976563
2003,540710,156,364,17.01549911499023
2003,540710,156,372,2.808000087738037
2003,540710,156,376,3.113130807876587
2003,540710,156,381,2854.701904296875
2003,540710,156,384,21.72800064086914
2003,540710,156,392,249.5797119140625
2003,540710,156,400,10320.2578125
2003,540710,156,404,83.64668273925781
2003,540710,156,408,31.45400047302246
2003,540710,156,410,925.1722412109375
2003,540710,156,422,450.4445495605469
2003,540710,156,428,23.65099906921387
2003,540710,156,440,79.66200256347656
2003,540710,156,446,41.57600021362305
2003,540710,156,450,347.510009765625
2003,540710,156,458,3177.1982421875
2003,540710,156,470,14.24400043487549
2003,540710,156,480,1460.463500976563
2003,540710,156,484,13.14256954193115
2003,540710,156,496,2717.655029296875
2003,540710,156,504,83.88700103759766
2003,540710,156,524,1014.872680664063
2003,540710,156,528,214.1752166748047
2003,540710,156,554,151.4068756103516
2003,540710,156,558,28.95311546325684
2003,540710,156,566,35.29600143432617
2003,540710,156,579,25.58638191223145
2003,540710,156,586,861.7408447265625
2003,540710,156,591,173.125
2003,540710,156,600,40.46842193603516
2003,540710,156,604,47.92599868774414
2003,540710,156,608,46.31800079345703
2003,540710,156,616,292.3850708007813
2003,540710,156,620,79.19499969482422
2003,540710,156,642,1408.68701171875
2003,540710,156,643,320.7321166992188
2003,540710,156,682,3791.3271484375
2003,540710,156,686,10.94900035858154
2003,540710,156,699,3436.143798828125
2003,540710,156,702,182.3628540039063
2003,540710,156,703,57.10800170898438
2003,540710,156,704,278.8519897460938
2003,540710,156,711,346.2587585449219
2003,540710,156,724,3491.89990234375
2003,540710,156,752,34.32099914550781
2003,540710,156,757,4.800000190734863
2003,540710,156,764,368.3407592773438
2003,540710,156,780,82.55999755859375
2003,540710,156,784,982.9119873046875
2003,540710,156,788,15.93427467346191
2003,540710,156,792,40.67363357543945
2003,540710,156,818,46.54999923706055
2003,540710,156,826,2411.015869140625
2003,540710,156,842,251.9337768554688
2003,540710,170,32,23.69528579711914
2003,540710,170,68,5.675986766815186
2003,540710,170,76,1012.241943359375
2003,540710,170,152,61.00059127807617
2003,540710,170,188,1.250044226646423
2003,540710,170,192,41.99306488037109
2003,540710,170,218,19.83828163146973
2003,540710,170,276,10.09662437438965
2003,540710,170,381,7.171999931335449
2003,540710,170,484,37.63429260253906
2003,540710,170,591,6.467999935150147
2003,540710,170,604,77.69113922119141
2003,540710,170,842,2.913615703582764
2003,540710,170,862,308.4360046386719
2003,540710,180,348,9
2003,540710,188,320,143.4154663085938
2003,540710,188,591,2.818275451660156
2003,540710,191,70,16.91892623901367
2003,540710,191,251,1.485999941825867
2003,540710,191,276,1.889999985694885
2003,540710,191,381,10.20492362976074
2003,540710,191,705,19.61629295349121
2003,540710,196,12,3.607000112533569
2003,540710,196,826,4.971000194549561
2003,540710,203,40,20.37980270385742
2003,540710,203,100,2.341283082962036
2003,540710,203,112,1.700000047683716
2003,540710,203,191,7.081999778747559
2003,540710,203,208,7.954999923706055
2003,540710,203,251,4.779423236846924
2003,540710,203,276,30048.154296875
2003,540710,203,300,10.99637222290039
2003,540710,203,352,2.029000043869019
2003,540710,203,381,191.1297760009766
2003,540710,203,428,1.128999948501587
2003,540710,203,440,1.527961254119873
2003,540710,203,528,799.0865478515625
2003,540710,203,579,6.598999977111816
2003,540710,203,616,981.9622802734375
2003,540710,203,642,18.57403373718262
2003,540710,203,643,1.276999950408936
2003,540710,203,682,50.86299896240234
2003,540710,203,703,92.48300933837891
2003,540710,203,705,10.91600036621094
2003,540710,203,724,15.87200355529785
2003,540710,203,804,94.66600036621094
2003,540710,203,842,13.70300006866455
2003,540710,208,12,7.730000019073486
2003,540710,208,58,1.663970351219177
2003,540710,208,112,114.9356079101563
2003,540710,208,124,15.81400012969971
2003,540710,208,156,10.13300037384033
2003,540710,208,203,9.158638000488281
2003,540710,208,233,5.99399995803833
2003,540710,208,246,1.039999961853027
2003,540710,208,251,9.32612419128418
2003,540710,208,276,57.86297988891602
2003,540710,208,304,5.347675323486328
2003,540710,208,348,4
2003,540710,208,381,397.3349609375
2003,540710,208,428,15.86178493499756
2003,540710,208,440,532.7601318359375
2003,540710,208,446,45.9640007019043
2003,540710,208,528,9.857884407043457
2003,540710,208,579,6.697531223297119
2003,540710,208,616,252.4479522705078
2003,540710,208,620,6.525000095367432
2003,540710,208,643,31.70800018310547
2003,540710,208,704,37.07899856567383
2003,540710,208,752,4.923069000244141
2003,540710,208,804,34.69699859619141
2003,540710,208,826,1.077661991119385
2003,540710,214,643,18.98699951171875
2003,540710,218,68,3.769999980926514
2003,540710,218,170,81.55699920654297
2003,540710,218,604,8.564999580383301
2003,540710,222,12,5.564000129699707
2003,540710,222,188,1.898847103118897
2003,540710,222,320,5.164170265197754
2003,540710,222,340,1.684727787971497
2003,540710,222,558,20.04800033569336
2003,540710,222,842,227.9739990234375
2003,540710,233,246,1.248999953269959
2003,540710,233,276,3
2003,540710,233,643,1.139999985694885
2003,540710,233,752,1.981456995010376
2003,540710,233,826,19.29700088500977
2003,540710,242,184,1.042999982833862
2003,540710,242,258,11.6569995880127
2003,540710,242,554,1.046000003814697
2003,540710,242,882,7.271999835968018
2003,540710,246,40,6.410888671875
2003,540710,246,76,126.6129989624023
2003,540710,246,208,14.8769998550415
2003,540710,246,233,19.48858833312988
2003,540710,246,276,76.36000061035156
2003,540710,246,344,5.077000141143799
2003,540710,246,490,4.809999942779541
2003,540710,246,528,15.16800022125244
2003,540710,246,643,10.41647529602051
2003,540710,246,699,23.38999938964844
2003,540710,246,752,3.223000049591065
2003,540710,246,792,2.430999994277954
2003,540710,246,842,8.26099967956543
2003,540710,251,12,222.8646850585938
2003,540710,251,36,7.163781642913818
2003,540710,251,40,102.9068756103516
2003,540710,251,48,4.526999950408936
2003,540710,251,58,817.472412109375
2003,540710,251,76,202.2387847900391
2003,540710,251,100,236.1888427734375
2003,540710,251,112,13.7588005065918
2003,540710,251,120,62.25199890136719
2003,540710,251,124,13.98404979705811
2003,540710,251,144,12.01135635375977
2003,540710,251,152,1.603000044822693
2003,540710,251,156,152.6561126708984
2003,540710,251,191,600.392333984375
2003,540710,251,203,156.9552307128906
2003,540710,251,208,48.65497970581055
2003,540710,251,233,3.032578468322754
2003,540710,251,242,7.988999843597412
2003,540710,251,246,279.6043395996094
2003,540710,251,258,1.131999969482422
2003,540710,251,276,1883.075317382813
2003,540710,251,300,110.6154022216797
2003,540710,251,344,71.53303527832031
2003,540710,251,348,584.0717163085938
2003,540710,251,360,7.922999858856201
2003,540710,251,372,20.52899932861328
2003,540710,251,376,72.06501770019531
2003,540710,251,381,984.56689453125
2003,540710,251,384,27.00361442565918
2003,540710,251,392,33.95600128173828
2003,540710,251,398,2.263999938964844
2003,540710,251,400,12.74300003051758
2003,540710,251,410,99.93041229248047
2003,540710,251,414,19.24200057983398
2003,540710,251,422,1.531168818473816
2003,540710,251,428,14.4055290222168
2003,540710,251,440,160.6427612304688
2003,540710,251,446,2.263999938964844
2003,540710,251,450,673.9329833984375
2003,540710,251,458,9.349734306335449
2003,540710,251,480,1423.206298828125
2003,540710,251,484,7.922999858856201
2003,540710,251,490,16.97800064086914
2003,540710,251,504,2925.3544921875
2003,540710,251,512,5.658999919891357
2003,540710,251,528,886.4885864257813
2003,540710,251,554,63.41443634033203
2003,540710,251,566,18.11000061035156
2003,540710,251,579,23.95199966430664
2003,540710,251,591,6.790999889373779
2003,540710,251,616,883.5819702148438
2003,540710,251,620,569.6025390625
2003,540710,251,634,3.395999908447266
2003,540710,251,642,996.6705932617188
2003,540710,251,643,8.269208908081055
2003,540710,251,682,181.5711212158203
2003,540710,251,686,11.31900024414063
2003,540710,251,699,34.18822860717773
2003,540710,251,702,11.90549564361572
2003,540710,251,703,86.75551605224609
2003,540710,251,704,64.51599884033203
2003,540710,251,705,1.131999969482422
2003,540710,251,711,14.71854019165039
2003,540710,251,724,789.102783203125
2003,540710,251,752,298.2823486328125
2003,540710,251,757,1572.99365234375
2003,540710,251,764,629.7662353515625
2003,540710,251,784,80.36199951171875
2003,540710,251,788,3703.38330078125
2003,540710,251,792,428.5398864746094
2003,540710,251,804,22.63699913024902
2003,540710,251,818,70.17500305175781
2003,540710,251,826,2025.17626953125
2003,540710,251,842,371.4520263671875
2003,540710,251,858,14.71399974822998
2003,540710,251,891,26.03300094604492
2003,540710,276,8,6
2003,540710,276,12,7.298999786376953
2003,540710,276,31,2
2003,540710,276,32,1.161754250526428
2003,540710,276,36,82.46782684326172
2003,540710,276,40,1388.257080078125
2003,540710,276,51,1.41100001335144
2003,540710,276,58,2628.9365234375
2003,540710,276,70,34.14572525024414
2003,540710,276,76,1013.971252441406
2003,540710,276,100,71.40042114257813
2003,540710,276,112,153.1336517333984
2003,540710,276,124,454.6940307617188
2003,540710,276,144,339.0346069335938
2003,540710,276,152,18.35819625854492
2003,540710,276,156,456
2003,540710,276,170,11.51099967956543
2003,540710,276,188,2
2003,540710,276,191,757.8958129882813
2003,540710,276,203,3973.2001953125
2003,540710,276,208,785.04833984375
2003,540710,276,233,32.61344146728516
2003,540710,276,246,1802.586303710938
2003,540710,276,251,2806.086669921875
2003,540710,276,300,174.9924774169922
2003,540710,276,344,104.5677032470703
2003,540710,276,348,180.5557098388672
2003,540710,276,352,4.222126007080078
2003,540710,276,360,101
2003,540710,276,364,43
2003,540710,276,372,523.3226928710938
2003,540710,276,376,1730.37841796875
2003,540710,276,381,3934.289306640625
2003,540710,276,384,2
2003,540710,276,392,144.5940093994141
2003,540710,276,398,2
2003,540710,276,400,9.996779441833496
2003,540710,276,404,32
2003,540710,276,410,55.28570175170898
2003,540710,276,422,17.16507911682129
2003,540710,276,428,49.60329437255859
2003,540710,276,440,89.71639251708984
2003,540710,276,450,8.942999839782715
2003,540710,276,458,712.4469604492188
2003,540710,276,470,21.77550315856934
2003,540710,276,480,2.54200005531311
2003,540710,276,484,563
2003,540710,276,490,85
2003,540710,276,496,11.92000007629395
2003,540710,276,498,10
2003,540710,276,504,52.22602462768555
2003,540710,276,528,19964
2003,540710,276,554,57.65396499633789
2003,540710,276,579,1009
2003,540710,276,608,26
2003,540710,276,616,34601.0390625
2003,540710,276,620,9022.732421875
2003,540710,276,642,1278.134399414063
2003,540710,276,643,462.1918640136719
2003,540710,276,682,16.23017883300781
2003,540710,276,694,40
2003,540710,276,699,441.0905151367188
2003,540710,276,702,7.904806137084961
2003,540710,276,703,183.8809967041016
2003,540710,276,705,968.7156372070313
2003,540710,276,711,541.0953369140625
2003,540710,276,724,8911.2705078125
2003,540710,276,752,1403.765380859375
2003,540710,276,757,55749.23046875
2003,540710,276,760,1
2003,540710,276,764,129.8001556396484
2003,540710,276,784,5
2003,540710,276,788,285.8416137695313
2003,540710,276,792,702.2517700195313
2003,540710,276,804,151
2003,540710,276,807,75.44666290283203
2003,540710,276,818,4
2003,540710,276,826,6051.681640625
2003,540710,276,842,4588.01318359375
2003,540710,276,860,1
2003,540710,276,891,91
2003,540710,300,8,66.31793212890625
2003,540710,300,58,9.041477203369141
2003,540710,300,100,779.9075317382813
2003,540710,300,196,1.579134821891785
2003,540710,300,642,2.397000074386597
2003,540710,300,724,3.092000007629395
2003,540710,300,792,5.85699987411499
2003,540710,300,826,11.38300037384033
2003,540710,300,891,1.126000046730042
2003,540710,320,188,26.17881584167481
2003,540710,320,192,23.26099967956543
2003,540710,320,222,159.9968109130859
2003,540710,320,251,5.65500020980835
2003,540710,320,340,37.47620391845703
2003,540710,320,558,40.64862442016602
2003,540710,320,591,24.76605033874512
2003,540710,320,842,175.8670043945313
2003,540710,344,12,100.1159973144531
2003,540710,344,50,136.3170013427734
2003,540710,344,76,16.20000076293945
2003,540710,344,124,2.861000061035156
2003,540710,344,144,412.4360046386719
2003,540710,344,156,665.0568237304688
2003,540710,344,192,1.151999950408936
2003,540710,344,203,10.32600021362305
2003,540710,344,242,9.625
2003,540710,344,276,8
2003,540710,344,381,4.789000034332275
2003,540710,344,400,1261.163940429688
2003,540710,344,404,2.168999910354614
2003,540710,344,410,19.2189998626709
2003,540710,344,440,4.49399995803833
2003,540710,344,446,12.54044246673584
2003,540710,344,450,2.207000017166138
2003,540710,344,458,182.8650054931641
2003,540710,344,470,3.395999908447266
2003,540710,344,480,15.89999961853027
2003,540710,344,496,219.7270050048828
2003,540710,344,554,25.32900047302246
2003,540710,344,598,2.723999977111816
2003,540710,344,642,36.50699996948242
2003,540710,344,711,28.55500030517578
2003,540710,344,757,5.461999893188477
2003,540710,344,764,444.4609985351563
2003,540710,344,807,2.367000102996826
2003,540710,344,826,9.446000099182129
2003,540710,344,842,9.241999626159668
2003,540710,348,40,2.805870056152344
2003,540710,348,203,1.677025437355042
2003,540710,348,251,3
2003,540710,348,276,864.9213256835938
2003,540710,348,381,5789.81982421875
2003,540710,348,616,14
2003,540710,348,620,127
2003,540710,348,642,45.12248611450195
2003,540710,348,682,9.64799976348877
2003,540710,348,699,1
2003,540710,348,757,147
2003,540710,348,826,1931.184936523438
2003,540710,352,304,19.60600090026856
2003,540710,360,12,52.99800109863281
2003,540710,360,48,21.1200008392334
2003,540710,360,50,48.19400024414063
2003,540710,360,76,193.3869934082031
2003,540710,360,100,8.717000007629395
2003,540710,360,124,26.55400085449219
2003,540710,360,144,95.07499694824219
2003,540710,360,152,6.551000118255615
2003,540710,360,188,2.927999973297119
2003,540710,360,203,2.29800009727478
2003,540710,360,208,3.042999982833862
2003,540710,360,218,10.94499969482422
2003,540710,360,242,4.940000057220459
2003,540710,360,251,50.89400100708008
2003,540710,360,276,80
2003,540710,360,381,228.5540008544922
2003,540710,360,400,400.1480102539063
2003,540710,360,404,3.361999988555908
2003,540710,360,422,218.8320007324219
2003,540710,360,450,269.8259887695313
2003,540710,360,458,3005.508056640625
2003,540710,360,480,214.1779937744141
2003,540710,360,558,9.774999618530273
2003,540710,360,591,7.605999946594238
2003,540710,360,600,23.20899963378906
2003,540710,360,616,87
2003,540710,360,642,128.8600006103516
2003,540710,360,682,2758.22900390625
2003,540710,360,702,13.66100025177002
2003,540710,360,711,142.4340057373047
2003,540710,360,724,77.57099914550781
2003,540710,360,764,777.22998046875
2003,540710,360,788,3.026999950408936
2003,540710,360,826,668.5460205078125
2003,540710,360,842,784.073974609375
2003,540710,364,4,133.6660003662109
2003,540710,364,31,9.89900016784668
2003,540710,364,51,4.712999820709229
2003,540710,364,112,128.7469940185547
2003,540710,364,368,21.68000030517578
2003,540710,364,398,1.549000024795532
2003,540710,364,784,75.52799987792969
2003,540710,364,826,119.7610015869141
2003,540710,372,32,23.21768188476563
2003,540710,372,36,1.479995608329773
2003,540710,372,40,274.5360107421875
2003,540710,372,58,313.606201171875
2003,540710,372,100,5.646999835968018
2003,540710,372,144,17.67900085449219
2003,540710,372,191,4.730999946594238
2003,540710,372,208,46.75740814208984
2003,540710,372,246,127.4850006103516
2003,540710,372,251,83.06443023681641
2003,540710,372,276,876.4591064453125
2003,540710,372,344,14.84899997711182
2003,540710,372,348,5
2003,540710,372,381,231.3748779296875
2003,540710,372,392,1.967000007629395
2003,540710,372,400,16.10099983215332
2003,540710,372,404,194.2010040283203
2003,540710,372,504,25.69876289367676
2003,540710,372,528,87.4219970703125
2003,540710,372,579,416.1919860839844
2003,540710,372,699,5.152999877929688
2003,540710,372,705,18.11499977111816
2003,540710,372,711,16.71999931335449
2003,540710,372,724,116.4209136962891
2003,540710,372,752,3.001074314117432
2003,540710,372,757,133.8039245605469
2003,540710,372,792,11.72399997711182
2003,540710,372,826,585.2462768554688
2003,540710,372,842,80.84172821044922
2003,540710,376,32,492.6054992675781
2003,540710,376,76,2026.951049804688
2003,540710,376,170,42
2003,540710,376,196,5
2003,540710,376,218,11
2003,540710,376,276,203
2003,540710,376,381,50.14617538452148
2003,540710,376,392,3.959684610366821
2003,540710,376,400,1222.676025390625
2003,540710,376,410,1
2003,540710,376,440,3.931999921798706
2003,540710,376,484,77.77918243408203
2003,540710,376,528,378
2003,540710,376,554,2.323999881744385
2003,540710,376,616,329
2003,540710,376,643,14.66399955749512
2003,540710,376,724,598.614013671875
2003,540710,376,792,14.13500022888184
2003,540710,376,826,2328.101318359375
2003,540710,376,842,47.40990829467773
2003,540710,376,891,388
2003,540710,381,8,40.6141357421875
2003,540710,381,12,43.67437744140625
2003,540710,381,32,16.38838768005371
2003,540710,381,36,72.63325500488281
2003,540710,381,40,53.39487075805664
2003,540710,381,50,3.818000078201294
2003,540710,381,58,3666.369384765625
2003,540710,381,70,372.689453125
2003,540710,381,76,676.4542846679688
2003,540710,381,100,2367.474365234375
2003,540710,381,112,17.35556793212891
2003,540710,381,124,237.6655426025391
2003,540710,381,144,1490.544677734375
2003,540710,381,152,34.23656845092773
2003,540710,381,156,331.8290100097656
2003,540710,381,170,9.058511734008789
2003,540710,381,191,313.5013427734375
2003,540710,381,192,74.52400207519531
2003,540710,381,196,18.42545318603516
2003,540710,381,203,464.3727722167969
2003,540710,381,208,93.74736785888672
2003,540710,381,218,8.118590354919434
2003,540710,381,233,12.88099956512451
2003,540710,381,246,929.6011352539063
2003,540710,381,251,8047.05810546875
2003,540710,381,276,4392.94140625
2003,540710,381,300,326.869140625
2003,540710,381,344,539.6060180664063
2003,540710,381,348,288.4573364257813
2003,540710,381,352,3.034636974334717
2003,540710,381,360,29.88299942016602
2003,540710,381,372,16.77583885192871
2003,540710,381,376,4338.986328125
2003,540710,381,392,149.8632507324219
2003,540710,381,398,5.256999969482422
2003,540710,381,400,15.14938068389893
2003,540710,381,410,152.7060852050781
2003,540710,381,414,5.353000164031982
2003,540710,381,422,40.79549789428711
2003,540710,381,428,20.37267303466797
2003,540710,381,440,20.11599922180176
2003,540710,381,458,44.70199966430664
2003,540710,381,470,10.14700031280518
2003,540710,381,480,41.17982482910156
2003,540710,381,484,354.7169494628906
2003,540710,381,490,195.6589965820313
2003,540710,381,498,607.8930053710938
2003,540710,381,504,897.1583862304688
2003,540710,381,528,2501.199462890625
2003,540710,381,554,35.36244201660156
2003,540710,381,579,745.27294921875
2003,540710,381,586,18.06204414367676
2003,540710,381,616,1035.396118164063
2003,540710,381,620,5558.1611328125
2003,540710,381,642,29196.87890625
2003,540710,381,643,93.59396362304688
2003,540710,381,682,237.9239654541016
2003,540710,381,686,5.672404766082764
2003,540710,381,699,104.3440551757813
2003,540710,381,702,19.33247756958008
2003,540710,381,703,490.8095703125
2003,540710,381,705,162.8011932373047
2003,540710,381,711,60.5848274230957
2003,540710,381,724,3248.30029296875
2003,540710,381,752,19.11900520324707
2003,540710,381,757,288.7442932128906
2003,540710,381,760,3.279999971389771
2003,540710,381,764,44.51040649414063
2003,540710,381,784,5.927000045776367
2003,540710,381,788,2045.643920898438
2003,540710,381,792,425.5187683105469
2003,540710,381,804,97.89800262451172
2003,540710,381,807,50.39400100708008
2003,540710,381,818,1623.586059570313
2003,540710,381,826,4079.434326171875
2003,540710,381,842,917.4867553710938
2003,540710,381,854,1.358000040054321
2003,540710,381,858,202.3780059814453
2003,540710,381,862,245.4440002441406
2003,540710,381,891,133.5260009765625
2003,540710,392,12,2.509000062942505
2003,540710,392,48,140.6829986572266
2003,540710,392,50,1.460267066955566
2003,540710,392,58,5.531000137329102
2003,540710,392,68,2.318000078201294
2003,540710,392,76,550.8054809570313
2003,540710,392,100,4.48199987411499
2003,540710,392,124,121.8099975585938
2003,540710,392,144,142.0079956054688
2003,540710,392,156,842.9639892578125
2003,540710,392,170,9.196000099182129
2003,540710,392,191,5.366000175476074
2003,540710,392,203,151.3789978027344
2003,540710,392,242,21.83499908447266
2003,540710,392,251,98.39499664306641
2003,540710,392,276,1529.842041015625
2003,540710,392,344,242.6630554199219
2003,540710,392,348,67
2003,540710,392,360,1037.833984375
2003,540710,392,376,2.542999982833862
2003,540710,392,381,698.9771728515625
2003,540710,392,400,60.98699951171875
2003,540710,392,410,1979.293701171875
2003,540710,392,440,9.27299976348877
2003,540710,392,446,1.496999979019165
2003,540710,392,458,145.8099975585938
2003,540710,392,480,156.1360015869141
2003,540710,392,490,141.4380035400391
2003,540710,392,554,63.53900146484375
2003,540710,392,558,3.029000043869019
2003,540710,392,586,6.185999870300293
2003,540710,392,608,431.2900085449219
2003,540710,392,642,152.22900390625
2003,540710,392,643,11.55399990081787
2003,540710,392,682,5568.11181640625
2003,540710,392,699,166.8800048828125
2003,540710,392,702,75.08221435546875
2003,540710,392,703,1.697999954223633
2003,540710,392,724,111.8307266235352
2003,540710,392,752,5.453999996185303
2003,540710,392,764,5163.396484375
2003,540710,392,826,540.2344360351563
2003,540710,392,842,236.5846862792969
2003,540710,400,116,16.62199974060059
2003,540710,400,275,63.30699920654297
2003,540710,400,368,26.60700035095215
2003,540710,400,376,32.08700180053711
2003,540710,400,490,179.4929962158203
2003,540710,400,634,19.48900032043457
2003,540710,400,682,25.40791130065918
2003,540710,400,784,4.452000141143799
2003,540710,404,400,50.00400161743164
2003,540710,404,736,6.925000190734863
2003,540710,408,12,53.36999893188477
2003,540710,408,100,67.37100219726563
2003,540710,408,208,1.667999982833862
2003,540710,408,400,409.3089904785156
2003,540710,410,12,282.0010070800781
2003,540710,410,36,136.4600982666016
2003,540710,410,40,12.84000015258789
2003,540710,410,48,34.34000015258789
2003,540710,410,50,225.3478546142578
2003,540710,410,68,50.1150016784668
2003,540710,410,76,50.32099914550781
2003,540710,410,100,78.06095886230469
2003,540710,410,104,10.07699966430664
2003,540710,410,112,29.8543701171875
2003,540710,410,124,116.0199966430664
2003,540710,410,144,2655.413818359375
2003,540710,410,152,8.791999816894531
2003,540710,410,156,6056.162109375
2003,540710,410,170,3.192505836486816
2003,540710,410,188,7.281000137329102
2003,540710,410,192,42.89899826049805
2003,540710,410,203,79.15200042724609
2003,540710,410,208,25.8700008392334
2003,540710,410,218,24.48800086975098
2003,540710,410,233,13.79100036621094
2003,540710,410,242,137.9819946289063
2003,540710,410,251,71.25099945068359
2003,540710,410,276,252.3174896240234
2003,540710,410,300,1.945641756057739
2003,540710,410,320,49.31900024414063
2003,540710,410,344,303.528076171875
2003,540710,410,348,27.8634147644043
2003,540710,410,360,486.7239990234375
2003,540710,410,372,4.372000217437744
2003,540710,410,381,565.7349853515625
2003,540710,410,392,387.8964538574219
2003,540710,410,398,18.85099983215332
2003,540710,410,400,770.323974609375
2003,540710,410,404,63.45600128173828
2003,540710,410,417,5.508999824523926
2003,540710,410,422,540.802001953125
2003,540710,410,428,3.352999925613403
2003,540710,410,446,33.81757736206055
2003,540710,410,450,49.86199951171875
2003,540710,410,458,458.4535522460938
2003,540710,410,480,350.8559875488281
2003,540710,410,484,8.555999755859375
2003,540710,410,490,263.8630065917969
2003,540710,410,496,380.8724975585938
2003,540710,410,504,19.26099967956543
2003,540710,410,554,165.1490020751953
2003,540710,410,558,5.144000053405762
2003,540710,410,586,444.5090026855469
2003,540710,410,600,1.680710911750794
2003,540710,410,604,41.71699905395508
2003,540710,410,608,108.4020004272461
2003,540710,410,616,170.5085754394531
2003,540710,410,634,32.98099899291992
2003,540710,410,642,236.6820068359375
2003,540710,410,643,677.6008911132813
2003,540710,410,682,3461.729248046875
2003,540710,410,699,757.5646362304688
2003,540710,410,702,65.95158386230469
2003,540710,410,703,16.68099975585938
2003,540710,410,704,796.239013671875
2003,540710,410,705,5.116565704345703
2003,540710,410,711,12.63199996948242
2003,540710,410,724,404.8219909667969
2003,540710,410,757,3.414999961853027
2003,540710,410,764,739.6859741210938
2003,540710,410,788,15.79800033569336
2003,540710,410,792,5.535356998443604
2003,540710,410,826,153.3659973144531
2003,540710,410,842,974.4646606445313
2003,540710,410,894,19.56399917602539
2003,540710,422,180,57.37300109863281
2003,540710,422,400,3.59500002861023
2003,540710,422,682,5.686999797821045
2003,540710,428,752,18.7813663482666
2003,540710,428,826,32.0629997253418
2003,540710,440,112,7.400000095367432
2003,540710,440,276,3.407000064849854
2003,540710,440,428,46.83163070678711
2003,540710,440,579,11.29275894165039
2003,540710,440,642,52.22900009155273
2003,540710,440,643,4.633376121520996
2003,540710,440,724,2.361000061035156
2003,540710,440,842,2.400000095367432
2003,540710,446,156,37.58599853515625
2003,540710,446,344,84.98999786376953
2003,540710,450,174,17.5319995880127
2003,540710,454,508,7.927999973297119
2003,540710,458,32,62.06800079345703
2003,540710,458,36,3.266000032424927
2003,540710,458,50,2.184999942779541
2003,540710,458,96,87.45099639892578
2003,540710,458,104,14.4370002746582
2003,540710,458,144,10.3300199508667
2003,540710,458,156,38.55630874633789
2003,540710,458,222,4.157000064849854
2003,540710,458,246,2.191999912261963
2003,540710,458,276,12
2003,540710,458,344,41.26100158691406
2003,540710,458,360,16.62800025939941
2003,540710,458,381,1302.363037109375
2003,540710,458,392,1.472000002861023
2003,540710,458,400,98.87100219726563
2003,540710,458,410,21.54599952697754
2003,540710,458,490,31.42399978637695
2003,540710,458,554,5.868000030517578
2003,540710,458,608,8.303000450134277
2003,540710,458,682,142.006103515625
2003,540710,458,699,16.02059936523438
2003,540710,458,702,38.49664306640625
2003,540710,458,704,46.7859992980957
2003,540710,458,724,2.191999912261963
2003,540710,458,764,75.34227752685547
2003,540710,458,784,19.34499931335449
2003,540710,458,826,37.39408493041992
2003,540710,458,842,3.743000030517578
2003,540710,470,381,69.54100036621094
2003,540710,480,156,1.917999982833862
2003,540710,480,174,10.52999973297119
2003,540710,480,251,94.95400238037109
2003,540710,480,260,211.9609985351563
2003,540710,480,400,56.9109992980957
2003,540710,480,404,5.025000095367432
2003,540710,480,450,1240.180541992188
2003,540710,484,32,761.8944091796875
2003,540710,484,76,874.5173950195313
2003,540710,484,124,11.72599983215332
2003,540710,484,152,2.078421592712402
2003,540710,484,170,184.5760040283203
2003,540710,484,188,1.184000015258789
2003,540710,484,192,139.5688323974609
2003,540710,484,218,14.27000045776367
2003,540710,484,222,3.799999952316284
2003,540710,484,320,30.39505577087402
2003,540710,484,558,2.062000036239624
2003,540710,484,591,5.558000087738037
2003,540710,484,724,1.414999961853027
2003,540710,484,826,2.289730310440064
2003,540710,484,842,3907.562255859375
2003,540710,484,858,75.24900054931641
2003,540710,484,862,2.282999992370606
2003,540710,490,12,30.02499961853027
2003,540710,490,50,631.5180053710938
2003,540710,490,68,15.39999961853027
2003,540710,490,76,188.468994140625
2003,540710,490,112,90
2003,540710,490,124,11.59899997711182
2003,540710,490,144,1254.140014648438
2003,540710,490,152,218.5870056152344
2003,540710,490,170,15.99699974060059
2003,540710,490,196,6.880000114440918
2003,540710,490,203,58.62900161743164
2003,540710,490,208,108.4789962768555
2003,540710,490,218,1.453999996185303
2003,540710,490,222,39.19599914550781
2003,540710,490,233,69.43399810791016
2003,540710,490,242,5.52400016784668
2003,540710,490,251,97.26399993896484
2003,540710,490,276,146
2003,540710,490,300,19.04199981689453
2003,540710,490,340,21.92399978637695
2003,540710,490,344,29.29999923706055
2003,540710,490,348,24
2003,540710,490,381,1781.621948242188
2003,540710,490,392,89.3489990234375
2003,540710,490,400,23252.08984375
2003,540710,490,410,121.6529998779297
2003,540710,490,422,94.62599945068359
2003,540710,490,440,82.35500335693359
2003,540710,490,446,316.7430114746094
2003,540710,490,450,315.4349975585938
2003,540710,490,458,3320.85791015625
2003,540710,490,470,8.845000267028809
2003,540710,490,480,145.3760070800781
2003,540710,490,496,85.59999847412109
2003,540710,490,504,209.2059936523438
2003,540710,490,554,82.47499847412109
2003,540710,490,558,1.422999978065491
2003,540710,490,591,3.571000099182129
2003,540710,490,600,43.91299819946289
2003,540710,490,616,136
2003,540710,490,642,864.6430053710938
2003,540710,490,643,168.9839935302734
2003,540710,490,682,227.8029937744141
2003,540710,490,702,57.61800003051758
2003,540710,490,703,71.46299743652344
2003,540710,490,705,2.061000108718872
2003,540710,490,711,234.8009948730469
2003,540710,490,724,367.3370056152344
2003,540710,490,757,3.144999980926514
2003,540710,490,764,6507.01318359375
2003,540710,490,788,14.0319995880127
2003,540710,490,826,2126.321044921875
2003,540710,490,842,650.97802734375
2003,540710,490,894,13.85400009155273
2003,540710,504,12,5.678999900817871
2003,540710,504,251,16.96500015258789
2003,540710,504,381,31.50699996948242
2003,540710,504,642,9.069999694824219
2003,540710,504,724,34.01599884033203
2003,540710,528,32,300.3975219726563
2003,540710,528,36,130.6724243164063
2003,540710,528,40,29.05739212036133
2003,540710,528,58,1407.731689453125
2003,540710,528,76,658.4755249023438
2003,540710,528,100,286.4686584472656
2003,540710,528,112,12
2003,540710,528,124,15.51599979400635
2003,540710,528,144,39.91999816894531
2003,540710,528,170,211.2507476806641
2003,540710,528,191,330.2353820800781
2003,540710,528,196,4.877074241638184
2003,540710,528,203,60.25138854980469
2003,540710,528,208,1565.98583984375
2003,540710,528,218,5.148595809936523
2003,540710,528,222,18.09600067138672
2003,540710,528,246,553.3470458984375
2003,540710,528,251,3052.88916015625
2003,540710,528,258,1.13100004196167
2003,540710,528,276,6221.70751953125
2003,540710,528,300,67.86199951171875
2003,540710,528,320,139.1170043945313
2003,540710,528,344,2.26200008392334
2003,540710,528,348,60.75815963745117
2003,540710,528,352,5.816492080688477
2003,540710,528,372,92.12772369384766
2003,540710,528,376,929.8509521484375
2003,540710,528,381,378.8829956054688
2003,540710,528,392,125.4528350830078
2003,540710,528,410,442.17822265625
2003,540710,528,440,191.7043151855469
2003,540710,528,450,9.968999862670898
2003,540710,528,458,229.4100036621094
2003,540710,528,470,3.392999887466431
2003,540710,528,480,19.32399940490723
2003,540710,528,484,290.5842895507813
2003,540710,528,490,55.41999816894531
2003,540710,528,504,116.4960021972656
2003,540710,528,540,1.13100004196167
2003,540710,528,554,61.08662033081055
2003,540710,528,562,18.02499961853027
2003,540710,528,579,58.36894989013672
2003,540710,528,604,35.0620002746582
2003,540710,528,616,570.1719970703125
2003,540710,528,620,34.65299987792969
2003,540710,528,642,525.6210327148438
2003,540710,528,643,170.0997009277344
2003,540710,528,690,1.13100004196167
2003,540710,528,699,143.6410064697266
2003,540710,528,703,361.9896240234375
2003,540710,528,705,174.2025909423828
2003,540710,528,711,216.7803497314453
2003,540710,528,724,2635.238525390625
2003,540710,528,752,33.08455276489258
2003,540710,528,757,118.3995971679688
2003,540710,528,764,223.6492309570313
2003,540710,528,784,9.048000335693359
2003,540710,528,788,2.434999942779541
2003,540710,528,792,84.71197509765625
2003,540710,528,804,10.17899990081787
2003,540710,528,826,3075.7080078125
2003,540710,528,842,1027.15966796875
2003,540710,528,862,85.95800018310547
2003,540710,554,36,199.6575012207031
2003,540710,554,242,31.66233825683594
2003,540710,554,251,14.79899978637695
2003,540710,554,344,14.39700031280518
2003,540710,554,458,2.263000011444092
2003,540710,554,540,7.450019359588623
2003,540710,554,643,2.267999887466431
2003,540710,554,702,17.31800079345703
2003,540710,554,724,1.101999998092651
2003,540710,554,842,31.29000091552734
2003,540710,579,58,4.089000225067139
2003,540710,579,156,23.62556648254395
2003,540710,579,208,254.6505889892578
2003,540710,579,233,3.233999967575073
2003,540710,579,246,651.8632202148438
2003,540710,579,251,62.50299835205078
2003,540710,579,276,154.2764587402344
2003,540710,579,300,16.24399948120117
2003,540710,579,352,2.502000093460083
2003,540710,579,381,490.9630126953125
2003,540710,579,410,5.387359619140625
2003,540710,579,428,5.260000228881836
2003,540710,579,440,690.8064575195313
2003,540710,579,528,2.062000036239624
2003,540710,579,566,2.499000072479248
2003,540710,579,616,4.644000053405762
2003,540710,579,642,25.9640007019043
2003,540710,579,724,75.48300170898438
2003,540710,579,752,274.8767395019531
2003,540710,579,764,4.191999912261963
2003,540710,579,792,926.5900268554688
2003,540710,579,826,591.523193359375
2003,540710,586,12,22.94700050354004
2003,540710,586,50,14.62800025939941
2003,540710,586,68,9.529000282287598
2003,540710,586,124,24.68199920654297
2003,540710,586,192,17.13899993896484
2003,540710,586,208,6.895999908447266
2003,540710,586,242,5.10099983215332
2003,540710,586,251,6.785999774932861
2003,540710,586,276,4
2003,540710,586,344,30.08399963378906
2003,540710,586,381,7.701000213623047
2003,540710,586,400,1911.4580078125
2003,540710,586,450,78.87799835205078
2003,540710,586,480,82.38800048828125
2003,540710,586,600,24.05500030517578
2003,540710,586,642,11.82400035858154
2003,540710,586,682,280.8779907226563
2003,540710,586,752,1.983000040054321
2003,540710,586,784,2.315999984741211
2003,540710,586,826,76.49299621582031
2003,540710,591,76,22.46999931335449
2003,540710,591,188,294.9240112304688
2003,540710,591,192,1.988999962806702
2003,540710,591,340,210.2700042724609
2003,540710,591,400,14
2003,540710,591,558,2.78600001335144
2003,540710,591,600,1.014999985694885
2003,540710,604,76,5.900000095367432
2003,540710,604,192,1.01199996471405
2003,540710,604,381,2.903000116348267
2003,540710,604,591,43.33000183105469
2003,540710,608,251,1.13100004196167
2003,540710,608,276,6
2003,540710,608,400,132.4400024414063
2003,540710,608,410,40.89099884033203
2003,540710,608,682,5.925000190734863
2003,540710,608,764,3.522000074386597
2003,540710,608,842,3.825000047683716
2003,540710,616,191,9.017000198364258
2003,540710,616,203,2029.519653320313
2003,540710,616,208,3.858000040054321
2003,540710,616,276,177.9684906005859
2003,540710,616,348,10
2003,540710,616,381,7.64900016784668
2003,540710,616,428,5.184000015258789
2003,540710,616,440,13.58800029754639
2003,540710,616,642,1.009999990463257
2003,540710,616,643,21.26099967956543
2003,540710,616,703,99.48500061035156
2003,540710,616,752,10.65900039672852
2003,540710,616,784,83
2003,540710,616,804,163
2003,540710,616,826,24.48299980163574
2003,540710,620,24,2.072999954223633
2003,540710,620,40,34.0620002746582
2003,540710,620,251,6.785999774932861
2003,540710,620,276,42.47409820556641
2003,540710,620,348,123
2003,540710,620,381,1.953630685806274
2003,540710,620,484,22.64299964904785
2003,540710,620,504,3.270999908447266
2003,540710,620,579,3.223891973495483
2003,540710,620,642,58.93399810791016
2003,540710,620,643,1.689000010490418
2003,540710,620,703,13.85299968719482
2003,540710,620,705,1.868000030517578
2003,540710,620,724,135.2669067382813
2003,540710,620,752,3.816999912261963
2003,540710,620,826,95.3250732421875
2003,540710,620,842,59.07400131225586
2003,540710,642,58,2.341848373413086
2003,540710,642,100,72.74600219726563
2003,540710,642,203,385.1449890136719
2003,540710,642,233,61.56700134277344
2003,540710,642,251,14.42944431304932
2003,540710,642,276,221.2920074462891
2003,540710,642,348,10.5920000076294
2003,540710,642,381,63.84931182861328
2003,540710,642,480,3.145999908447266
2003,540710,642,498,29.60799980163574
2003,540710,642,616,210.6540069580078
2003,540710,642,724,27.23100090026856
2003,540710,642,792,18.3129997253418
2003,540710,642,826,19.08320426940918
2003,540710,642,842,59.07199859619141
2003,540710,643,112,1561.300048828125
2003,540710,643,276,7.248275279998779
2003,540710,643,392,1.600000023841858
2003,540710,643,398,62.35800170898438
2003,540710,643,417,1.812255859375
2003,540710,643,428,4.004274368286133
2003,540710,643,804,488.9450073242188
2003,540710,682,148,35.08000183105469
2003,540710,682,174,15.37600040435791
2003,540710,682,231,3.867000102996826
2003,540710,682,232,2.282000064849854
2003,540710,682,288,8.532999992370606
2003,540710,682,400,37.20139694213867
2003,540710,682,414,10.8769998550415
2003,540710,682,422,5.333000183105469
2003,540710,682,478,6.666999816894531
2003,540710,682,504,3.221999883651733
2003,540710,682,566,7.679999828338623
2003,540710,682,634,9.824999809265137
2003,540710,682,699,1.130001783370972
2003,540710,682,724,2.138999938964844
2003,540710,682,736,9.546999931335449
2003,540710,682,784,197.0650024414063
2003,540710,682,818,20.48600006103516
2003,540710,694,764,7.383999824523926
2003,540710,699,4,897.333984375
2003,540710,699,12,395.5736694335938
2003,540710,699,24,22.05599975585938
2003,540710,699,32,11.21599960327148
2003,540710,699,36,123.8302993774414
2003,540710,699,40,13.86800003051758
2003,540710,699,44,3.815000057220459
2003,540710,699,48,63.71465301513672
2003,540710,699,50,188.7376708984375
2003,540710,699,58,22.27054405212402
2003,540710,699,76,1.176221609115601
2003,540710,699,96,1.016999959945679
2003,540710,699,116,130.7890014648438
2003,540710,699,120,93.08799743652344
2003,540710,699,124,157.8848266601563
2003,540710,699,144,327.2994995117188
2003,540710,699,152,23.83799934387207
2003,540710,699,156,328.2579956054688
2003,540710,699,178,392.5119934082031
2003,540710,699,192,23.69400024414063
2003,540710,699,196,87.01300048828125
2003,540710,699,203,1.389666318893433
2003,540710,699,204,534.7739868164063
2003,540710,699,208,9.714870452880859
2003,540710,699,231,225.5879974365234
2003,540710,699,242,24.92692756652832
2003,540710,699,246,150.093994140625
2003,540710,699,251,226.3944854736328
2003,540710,699,262,26.27599906921387
2003,540710,699,270,52.26399993896484
2003,540710,699,276,208.0191345214844
2003,540710,699,288,46.10499954223633
2003,540710,699,300,82.43299865722656
2003,540710,699,344,341.27099609375
2003,540710,699,360,22285.2109375
2003,540710,699,364,2081.8017578125
2003,540710,699,376,288.8710021972656
2003,540710,699,381,48.44988632202148
2003,540710,699,384,57.83100128173828
2003,540710,699,388,17.22999954223633
2003,540710,699,392,67.30599975585938
2003,540710,699,400,521.1940307617188
2003,540710,699,404,68.71295928955078
2003,540710,699,408,4.705999851226807
2003,540710,699,410,9.198148727416992
2003,540710,699,414,4128.8720703125
2003,540710,699,422,13.77543449401856
2003,540710,699,434,138.2270050048828
2003,540710,699,450,14.96108913421631
2003,540710,699,454,1284.984008789063
2003,540710,699,458,1522.391845703125
2003,540710,699,466,206.7640075683594
2003,540710,699,470,1.118000030517578
2003,540710,699,480,667.080322265625
2003,540710,699,484,832.2529907226563
2003,540710,699,490,85.20899963378906
2003,540710,699,504,2270.81005859375
2003,540710,699,508,1372.866943359375
2003,540710,699,512,6106.037109375
2003,540710,699,524,32.60745620727539
2003,540710,699,528,17.91581535339356
2003,540710,699,540,27.45100021362305
2003,540710,699,548,16.59700012207031
2003,540710,699,554,12.4129638671875
2003,540710,699,562,573.260009765625
2003,540710,699,566,3518.531005859375
2003,540710,699,579,3.111054420471191
2003,540710,699,586,148.0610046386719
2003,540710,699,591,158.7559967041016
2003,540710,699,604,82.20999908447266
2003,540710,699,608,139.3719940185547
2003,540710,699,616,69.20200347900391
2003,540710,699,620,36.84600067138672
2003,540710,699,634,122.7369995117188
2003,540710,699,642,66.35600280761719
2003,540710,699,643,176.7359924316406
2003,540710,699,682,5200.35888671875
2003,540710,699,686,225.3710021972656
2003,540710,699,690,3.552999973297119
2003,540710,699,702,4848.3974609375
2003,540710,699,704,965.8729858398438
2003,540710,699,706,11.92099952697754
2003,540710,699,711,42.06068420410156
2003,540710,699,716,207.3659973144531
2003,540710,699,724,170.1175994873047
2003,540710,699,736,190.5650024414063
2003,540710,699,740,30.82399940490723
2003,540710,699,752,80.56600189208984
2003,540710,699,757,172.0119934082031
2003,540710,699,760,509.875
2003,540710,699,764,272.8900451660156
2003,540710,699,768,154.6600036621094
2003,540710,699,780,135.3099975585938
2003,540710,699,784,112184.0546875
2003,540710,699,788,38.18600082397461
2003,540710,699,792,121.2785797119141
2003,540710,699,800,30.74994659423828
2003,540710,699,818,2358.14990234375
2003,540710,699,826,1388.034301757813
2003,540710,699,834,448.5690002441406
2003,540710,699,842,322.0907287597656
2003,540710,699,854,2.921999931335449
2003,540710,699,858,12.53899955749512
2003,540710,699,887,1386.746948242188
2003,540710,699,894,81.31199645996094
2003,540710,702,90,9.317000389099121
2003,540710,702,96,17.70000076293945
2003,540710,702,104,1.514999985694885
2003,540710,702,116,414.3219909667969
2003,540710,702,144,328.9149780273438
2003,540710,702,156,152.5350036621094
2003,540710,702,242,11.38500022888184
2003,540710,702,276,10.37899971008301
2003,540710,702,344,20.97999954223633
2003,540710,702,360,286.4140014648438
2003,540710,702,410,14.57923412322998
2003,540710,702,450,16.11700057983398
2003,540710,702,458,104.6620178222656
2003,540710,702,480,95.91619873046875
2003,540710,702,490,4.61899995803833
2003,540710,702,554,6.601343631744385
2003,540710,702,764,7.079018115997315
2003,540710,702,784,2.540999889373779
2003,540710,702,826,22.68099975585938
2003,540710,703,40,1.381733536720276
2003,540710,703,58,12.46984004974365
2003,540710,703,191,33.95600128173828
2003,540710,703,203,14.62021446228027
2003,540710,703,251,5.97406816482544
2003,540710,703,276,13.64624881744385
2003,540710,703,348,2
2003,540710,703,381,15.93184471130371
2003,540710,703,616,13.35599994659424
2003,540710,703,642,13.51799964904785
2003,540710,703,705,35.96699905395508
2003,540710,703,826,9.092000007629395
2003,540710,704,50,2.394999980926514
2003,540710,704,144,3.684999942779541
2003,540710,704,381,17.38100051879883
2003,540710,704,410,2792.52490234375
2003,540710,704,642,1.906000018119812
2003,540710,704,724,34.75299835205078
2003,540710,704,764,3.690000057220459
2003,540710,704,826,27.33200073242188
2003,540710,704,842,393.22900390625
2003,540710,705,40,1.383000016212463
2003,540710,705,70,70.97071838378906
2003,540710,705,191,16.60099983215332
2003,540710,705,203,3.676000118255615
2003,540710,705,276,6.159226894378662
2003,540710,705,642,14.52099990844727
2003,540710,705,643,1.187999963760376
2003,540710,705,703,2.702817440032959
2003,540710,705,807,1.039000034332275
2003,540710,705,826,44.61700057983398
2003,540710,711,24,13.75699996948242
2003,540710,711,36,38.39186859130859
2003,540710,711,40,75.74343109130859
2003,540710,711,51,1.580000042915344
2003,540710,711,58,27.35349082946777
2003,540710,711,76,47.3900146484375
2003,540710,711,124,56.26018905639648
2003,540710,711,144,50.10845184326172
2003,540710,711,246,498.5422668457031
2003,540710,711,251,671.9086303710938
2003,540710,711,276,2931.0361328125
2003,540710,711,288,15.68900012969971
2003,540710,711,300,4.588913440704346
2003,540710,711,344,175.7200012207031
2003,540710,711,348,2.275776147842407
2003,540710,711,364,5.061999797821045
2003,540710,711,376,1655.305297851563
2003,540710,711,381,75.60204315185547
2003,540710,711,392,18.71942520141602
2003,540710,711,404,6.744006156921387
2003,540710,711,410,9.623000144958496
2003,540710,711,454,129.2450256347656
2003,540710,711,466,12.89099979400635
2003,540710,711,480,78.64933013916016
2003,540710,711,484,56.00357055664063
2003,540710,711,528,57.18899917602539
2003,540710,711,554,18.82344627380371
2003,540710,711,579,215.2694244384766
2003,540710,711,586,1.189000010490418
2003,540710,711,620,1.75600802898407
2003,540710,711,642,62.67949676513672
2003,540710,711,643,63.69418716430664
2003,540710,711,690,6.270999908447266
2003,540710,711,699,4.090832233428955
2003,540710,711,704,224.3699951171875
2003,540710,711,705,44.08074951171875
2003,540710,711,716,1398.962036132813
2003,540710,711,724,115.6154174804688
2003,540710,711,757,12.97982597351074
2003,540710,711,784,46.67699813842773
2003,540710,711,826,942.3414306640625
2003,540710,711,834,13.29399967193604
2003,540710,711,842,213.9372406005859
2003,540710,711,894,148.3709564208984
2003,540710,716,711,222.7519989013672
2003,540710,724,12,37.57291793823242
2003,540710,724,20,1.610000014305115
2003,540710,724,32,4.724817752838135
2003,540710,724,36,8.226481437683106
2003,540710,724,58,37.8919792175293
2003,540710,724,76,417.7341613769531
2003,540710,724,100,6.829925060272217
2003,540710,724,112,27.39999961853027
2003,540710,724,124,5.078690528869629
2003,540710,724,152,155.9742736816406
2003,540710,724,156,18.21500015258789
2003,540710,724,170,19.32034492492676
2003,540710,724,188,1.980479001998901
2003,540710,724,192,978.607421875
2003,540710,724,196,25.62199974060059
2003,540710,724,203,22.02413368225098
2003,540710,724,208,180.6522369384766
2003,540710,724,246,2.789999961853027
2003,540710,724,251,1341.94873046875
2003,540710,724,276,270.5902709960938
2003,540710,724,300,28.26399803161621
2003,540710,724,340,1.537999987602234
2003,540710,724,344,43.86600112915039
2003,540710,724,348,1.936406493186951
2003,540710,724,352,6.829739093780518
2003,540710,724,364,24.87199974060059
2003,540710,724,372,10.2758960723877
2003,540710,724,376,25.08399963378906
2003,540710,724,381,260.1298522949219
2003,540710,724,392,3.295000076293945
2003,540710,724,400,10.31740951538086
2003,540710,724,410,17.63467025756836
2003,540710,724,428,6.780126094818115
2003,540710,724,458,1.815000057220459
2003,540710,724,480,62.80641555786133
2003,540710,724,484,586.4639892578125
2003,540710,724,504,553.2654418945313
2003,540710,724,528,84.79204559326172
2003,540710,724,554,43.82099914550781
2003,540710,724,558,6.059000015258789
2003,540710,724,579,13.94864749908447
2003,540710,724,591,25.80263710021973
2003,540710,724,616,54.50028991699219
2003,540710,724,620,1448.565307617188
2003,540710,724,642,1864.838012695313
2003,540710,724,643,27.83945274353027
2003,540710,724,682,158.3201141357422
2003,540710,724,686,28.15399932861328
2003,540710,724,699,45.04815673828125
2003,540710,724,703,5.893937110900879
2003,540710,724,705,6.009266376495361
2003,540710,724,711,2.200999975204468
2003,540710,724,752,103.1273727416992
2003,540710,724,757,9.910725593566895
2003,540710,724,784,6.386000156402588
2003,540710,724,788,20.61847114562988
2003,540710,724,792,81.71188354492188
2003,540710,724,826,72.69443511962891
2003,540710,724,842,110.6031341552734
2003,540710,752,76,210.0019989013672
2003,540710,752,112,17.89999961853027
2003,540710,752,196,3.342000007629395
2003,540710,752,203,1.766000032424927
2003,540710,752,208,11.50044250488281
2003,540710,752,233,12.15685844421387
2003,540710,752,246,21.48185539245606
2003,540710,752,276,828.8653564453125
2003,540710,752,352,8.510000228881836
2003,540710,752,381,92.69857788085938
2003,540710,752,384,5.089000225067139
2003,540710,752,428,567.2051391601563
2003,540710,752,440,119.7818603515625
2003,540710,752,484,5.579999923706055
2003,540710,752,528,110.8083953857422
2003,540710,752,579,49.1531982421875
2003,540710,752,604,1.363999962806702
2003,540710,752,616,897
2003,540710,752,620,27.16799926757813
2003,540710,752,642,86.06099700927734
2003,540710,752,643,15.03499984741211
2003,540710,752,724,1.991999983787537
2003,540710,757,12,8.27299976348877
2003,540710,757,36,15.707200050354
2003,540710,757,40,30.96993827819824
2003,540710,757,58,22.26552581787109
2003,540710,757,100,14.20538997650147
2003,540710,757,124,9.479999542236328
2003,540710,757,144,15.53999996185303
2003,540710,757,156,17.15527725219727
2003,540710,757,191,6.314000129699707
2003,540710,757,203,58.90346145629883
2003,540710,757,233,1.807000041007996
2003,540710,757,251,12.23408508300781
2003,540710,757,276,1905.439697265625
2003,540710,757,300,1.061759352684021
2003,540710,757,340,16.07200050354004
2003,540710,757,344,39.65299987792969
2003,540710,757,348,22.1151294708252
2003,540710,757,376,2.600353717803955
2003,540710,757,381,6.024283885955811
2003,540710,757,392,20.39800071716309
2003,540710,757,410,143.4030151367188
2003,540710,757,422,1.697999954223633
2003,540710,757,528,3.088845491409302
2003,540710,757,554,13.8635721206665
2003,540710,757,616,4.525000095367432
2003,540710,757,682,79.60199737548828
2003,540710,757,702,22.0160026550293
2003,540710,757,703,2.315000057220459
2003,540710,757,704,4.361000061035156
2003,540710,757,711,7.302999973297119
2003,540710,757,724,5.916004180908203
2003,540710,757,764,11.87768459320068
2003,540710,757,784,21.68099975585938
2003,540710,757,826,3.88705039024353
2003,540710,757,842,33.01514434814453
2003,540710,760,12,370.3869934082031
2003,540710,760,400,534.2360229492188
2003,540710,760,682,2797.27294921875
2003,540710,764,12,84.43000030517578
2003,540710,764,36,191.4148559570313
2003,540710,764,40,19.8439998626709
2003,540710,764,50,199.1374053955078
2003,540710,764,58,51.18862152099609
2003,540710,764,100,11.03315258026123
2003,540710,764,104,1619.391967773438
2003,540710,764,116,11.40799999237061
2003,540710,764,124,13.86944389343262
2003,540710,764,144,48.4199104309082
2003,540710,764,156,461.8749084472656
2003,540710,764,208,1.228999972343445
2003,540710,764,214,22.47299957275391
2003,540710,764,218,4.013000011444092
2003,540710,764,222,11.67700958251953
2003,540710,764,233,7.105999946594238
2003,540710,764,242,1.205000042915344
2003,540710,764,246,11.70514011383057
2003,540710,764,251,41.54881286621094
2003,540710,764,276,54.25001525878906
2003,540710,764,320,60.64500045776367
2003,540710,764,340,1.875
2003,540710,764,344,520.0989990234375
2003,540710,764,360,806.97998046875
2003,540710,764,364,111.4400024414063
2003,540710,764,372,62.69300079345703
2003,540710,764,376,12.96800041198731
2003,540710,764,381,437.6930541992188
2003,540710,764,392,1163.966186523438
2003,540710,764,410,91.90200042724609
2003,540710,764,418,3360.2900390625
2003,540710,764,422,53.51399993896484
2003,540710,764,446,9.265999794006348
2003,540710,764,450,23.97100067138672
2003,540710,764,458,127.1872177124023
2003,540710,764,480,760.5189819335938
2003,540710,764,490,32.57199859619141
2003,540710,764,504,1247.162963867188
2003,540710,764,528,73.86199951171875
2003,540710,764,554,3.285237312316895
2003,540710,764,579,66.92582702636719
2003,540710,764,591,4.176000118255615
2003,540710,764,598,33.23099899291992
2003,540710,764,608,124.0380020141602
2003,540710,764,620,1.921000003814697
2003,540710,764,642,13.46800041198731
2003,540710,764,682,579.8980102539063
2003,540710,764,686,33.30500030517578
2003,540710,764,699,70.9742431640625
2003,540710,764,702,49.97129058837891
2003,540710,764,703,86.27899932861328
2003,540710,764,704,302.3840026855469
2003,540710,764,711,2.626291036605835
2003,540710,764,724,44.82503128051758
2003,540710,764,752,75.562255859375
2003,540710,764,757,4.581999778747559
2003,540710,764,760,18.20899963378906
2003,540710,764,784,755.5390014648438
2003,540710,764,826,535.3076782226563
2003,540710,764,842,191.9010009765625
2003,540710,784,12,489.81201171875
2003,540710,784,51,41.42900085449219
2003,540710,784,100,15.62899971008301
2003,540710,784,144,53.60800170898438
2003,540710,784,174,32.81900024414063
2003,540710,784,364,399.7439880371094
2003,540710,784,400,351.947998046875
2003,540710,784,504,2.947999954223633
2003,540710,784,579,5.913000106811523
2003,540710,784,682,2.211999893188477
2003,540710,784,711,7.99399995803833
2003,540710,784,826,30.10499954223633
2003,540710,788,12,1.855000019073486
2003,540710,788,251,37.32199859619141
2003,540710,788,276,1
2003,540710,788,381,17.63400077819824
2003,540710,788,826,2.805000066757202
2003,540710,792,8,4.050727844238281
2003,540710,792,12,252.7466888427734
2003,540710,792,31,3.197000026702881
2003,540710,792,32,18.15399932861328
2003,540710,792,36,3.659057378768921
2003,540710,792,40,2.65609335899353
2003,540710,792,50,49.14599990844727
2003,540710,792,51,3.630000114440918
2003,540710,792,58,138.5102233886719
2003,540710,792,100,657.7140502929688
2003,540710,792,112,2.700000047683716
2003,540710,792,124,14.23520565032959
2003,540710,792,191,95.64800262451172
2003,540710,792,196,11.12399959564209
2003,540710,792,203,10.88399982452393
2003,540710,792,208,8.060842514038086
2003,540710,792,233,2.436000108718872
2003,540710,792,246,15.51700019836426
2003,540710,792,251,108.7778549194336
2003,540710,792,268,2.809000015258789
2003,540710,792,276,501.2108459472656
2003,540710,792,300,80.50850677490234
2003,540710,792,344,1.784000039100647
2003,540710,792,348,56.53055191040039
2003,540710,792,364,16.89972305297852
2003,540710,792,368,8.067000389099121
2003,540710,792,376,141.1141815185547
2003,540710,792,381,433.038818359375
2003,540710,792,392,84.16300201416016
2003,540710,792,400,283.9454345703125
2003,540710,792,410,10.94999980926514
2003,540710,792,414,42.6349983215332
2003,540710,792,422,3.908044576644898
2003,540710,792,428,77.08000183105469
2003,540710,792,434,10.15499973297119
2003,540710,792,440,35.06907272338867
2003,540710,792,458,61.81800079345703
2003,540710,792,470,2.236999988555908
2003,540710,792,480,1.271999955177307
2003,540710,792,504,3.825000047683716
2003,540710,792,512,19.46800041198731
2003,540710,792,528,102.0814895629883
2003,540710,792,554,31.64999961853027
2003,540710,792,566,1.256999969482422
2003,540710,792,591,7.973000049591065
2003,540710,792,616,74.59383392333984
2003,540710,792,642,1360.10888671875
2003,540710,792,643,1456.730346679688
2003,540710,792,682,572.3826904296875
2003,540710,792,702,17.48367500305176
2003,540710,792,703,6.285999774932861
2003,540710,792,705,85.44899749755859
2003,540710,792,711,2.444999933242798
2003,540710,792,724,805.2283935546875
2003,540710,792,757,2.734060764312744
2003,540710,792,760,12.04199981689453
2003,540710,792,784,121.3550033569336
2003,540710,792,788,7.004000186920166
2003,540710,792,795,4.927000045776367
2003,540710,792,804,45.12799835205078
2003,540710,792,807,23.75399971008301
2003,540710,792,818,56.38000106811523
2003,540710,792,826,377.8800048828125
2003,540710,792,842,846.8740234375
2003,540710,792,860,11.48200035095215
2003,540710,792,891,39.70999908447266
2003,540710,800,381,79.13800048828125
2003,540710,804,642,1.054000020027161
2003,540710,804,643,62.86399841308594
2003,540710,818,276,12
2003,540710,818,682,2.200999975204468
2003,540710,818,724,183.5529937744141
2003,540710,818,826,245.8419952392578
2003,540710,826,12,27.72464561462402
2003,540710,826,28,11.44999980926514
2003,540710,826,32,8.03125
2003,540710,826,36,231.1303558349609
2003,540710,826,40,14.37100028991699
2003,540710,826,44,3.342999935150147
2003,540710,826,50,1.177999973297119
2003,540710,826,58,715.5376586914063
2003,540710,826,76,73.18599700927734
2003,540710,826,100,687.0484008789063
2003,540710,826,112,1.100000023841858
2003,540710,826,124,29.36609649658203
2003,540710,826,144,155.8412780761719
2003,540710,826,152,1.503000020980835
2003,540710,826,156,166.1712341308594
2003,540710,826,196,7.953999996185303
2003,540710,826,203,223.2335510253906
2003,540710,826,208,433.0516662597656
2003,540710,826,233,442.8252563476563
2003,540710,826,246,1302.019409179688
2003,540710,826,251,4114.15185546875
2003,540710,826,276,8743.2578125
2003,540710,826,292,1.508000016212463
2003,540710,826,300,68.83840942382813
2003,540710,826,340,56.59400177001953
2003,540710,826,344,150.5134735107422
2003,540710,826,348,94.14804840087891
2003,540710,826,352,16.16399955749512
2003,540710,826,364,71.31900024414063
2003,540710,826,372,531.2691650390625
2003,540710,826,376,172.4379577636719
2003,540710,826,381,9543.2119140625
2003,540710,826,384,103.693000793457
2003,540710,826,388,31.22299957275391
2003,540710,826,392,588.1376953125
2003,540710,826,400,10.5310001373291
2003,540710,826,410,465.3787841796875
2003,540710,826,414,34.97100067138672
2003,540710,826,418,42.75899887084961
2003,540710,826,422,20.67399978637695
2003,540710,826,428,343.3259887695313
2003,540710,826,440,169.3329620361328
2003,540710,826,458,294.0909423828125
2003,540710,826,470,6.612759113311768
2003,540710,826,484,9.373754501342773
2003,540710,826,490,30.67900085449219
2003,540710,826,504,162.0630950927734
2003,540710,826,512,5.90399980545044
2003,540710,826,528,714.6567993164063
2003,540710,826,554,60.91884231567383
2003,540710,826,566,7.342999935150147
2003,540710,826,579,316.5506286621094
2003,540710,826,586,18.10019493103027
2003,540710,826,598,8.793000221252441
2003,540710,826,616,8054.720703125
2003,540710,826,620,3585.1904296875
2003,540710,826,634,69.11799621582031
2003,540710,826,642,5674.3076171875
2003,540710,826,643,74.04368591308594
2003,540710,826,682,156.2940521240234
2003,540710,826,699,38.14804077148438
2003,540710,826,702,43.47736740112305
2003,540710,826,703,26.60328674316406
2003,540710,826,704,16.43499946594238
2003,540710,826,705,517.0155639648438
2003,540710,826,711,265.8163146972656
2003,540710,826,716,60.40999984741211
2003,540710,826,724,1588.9853515625
2003,540710,826,752,41.23526763916016
2003,540710,826,757,54.32648086547852
2003,540710,826,760,11.07400035858154
2003,540710,826,764,18.68388366699219
2003,540710,826,780,5.333000183105469
2003,540710,826,784,121.8560028076172
2003,540710,826,788,15.55177593231201
2003,540710,826,792,337.5050659179688
2003,540710,826,804,759.3909912109375
2003,540710,826,807,21.93199920654297
2003,540710,826,818,20.47800064086914
2003,540710,826,842,1347.331665039063
2003,540710,826,894,2.641999959945679
2003,540710,842,12,5.079999923706055
2003,540710,842,28,4.168000221252441
2003,540710,842,32,188.9381256103516
2003,540710,842,36,563.0059204101563
2003,540710,842,40,1.688126087188721
2003,540710,842,44,3.135384321212769
2003,540710,842,48,10.07499980926514
2003,540710,842,50,68.80919647216797
2003,540710,842,51,32.27199935913086
2003,540710,842,52,57.11899948120117
2003,540710,842,58,103.2658004760742
2003,540710,842,76,2418.08740234375
2003,540710,842,84,3.47000002861023
2003,540710,842,112,33
2003,540710,842,124,9270.2294921875
2003,540710,842,144,1366.991821289063
2003,540710,842,152,70.00313568115234
2003,540710,842,156,937.7830200195313
2003,540710,842,170,342.4351196289063
2003,540710,842,188,40.19621658325195
2003,540710,842,191,2.900000095367432
2003,540710,842,203,69.22252655029297
2003,540710,842,208,565.2031860351563
2003,540710,842,214,2293.47705078125
2003,540710,842,218,17.91900062561035
2003,540710,842,222,201.275146484375
2003,540710,842,242,106.5824737548828
2003,540710,842,246,64.29327392578125
2003,540710,842,251,372.6969909667969
2003,540710,842,262,56
2003,540710,842,276,1779.047973632813
2003,540710,842,288,12.70800018310547
2003,540710,842,308,2.654000043869019
2003,540710,842,320,110.0832061767578
2003,540710,842,328,28.30299949645996
2003,540710,842,332,16.15900039672852
2003,540710,842,340,359.0636291503906
2003,540710,842,344,1943.432250976563
2003,540710,842,348,18
2003,540710,842,352,14.8754825592041
2003,540710,842,360,38.04800033569336
2003,540710,842,372,4.18496036529541
2003,540710,842,376,146.6629333496094
2003,540710,842,381,1084.65283203125
2003,540710,842,388,5050.23779296875
2003,540710,842,392,550.1182861328125
2003,540710,842,400,63.44499969482422
2003,540710,842,410,346.9404296875
2003,540710,842,414,481.6109924316406
2003,540710,842,422,8.63201904296875
2003,540710,842,428,80.91922760009766
2003,540710,842,446,5.290999889373779
2003,540710,842,458,43.95309448242188
2003,540710,842,480,10.57800006866455
2003,540710,842,484,140346.234375
2003,540710,842,490,1360.766967773438
2003,540710,842,504,148.2129974365234
2003,540710,842,528,621.218017578125
2003,540710,842,530,6.992000102996826
2003,540710,842,533,21.38800048828125
2003,540710,842,554,503.0844116210938
2003,540710,842,558,170.2923889160156
2003,540710,842,562,14.35599994659424
2003,540710,842,579,91.18069458007813
2003,540710,842,591,300.8370056152344
2003,540710,842,604,6.421999931335449
2003,540710,842,608,870.3699951171875
2003,540710,842,616,69.31847381591797
2003,540710,842,620,39.57000732421875
2003,540710,842,642,256.8609924316406
2003,540710,842,643,131.9235992431641
2003,540710,842,662,13.39500045776367
2003,540710,842,682,72.89315032958984
2003,540710,842,699,76.16361236572266
2003,540710,842,702,57.34255599975586
2003,540710,842,703,198.4640045166016
2003,540710,842,704,121.431999206543
2003,540710,842,705,6.376999855041504
2003,540710,842,711,2120.820068359375
2003,540710,842,724,560.2738647460938
2003,540710,842,752,335.656982421875
2003,540710,842,757,11.3433141708374
2003,540710,842,760,7.953999996185303
2003,540710,842,764,624.60595703125
2003,540710,842,780,6.307000160217285
2003,540710,842,784,55.63600158691406
2003,540710,842,792,206.7806396484375
2003,540710,842,826,2064.017333984375
2003,540710,842,862,12.19999980926514
2003,540710,858,600,2.125999927520752
2003,540710,860,642,11.37100028991699
2003,540710,891,381,2.108000040054321
2003,540710,891,643,58.14099884033203
2003,540710,891,705,5.810999870300293
2003,540710,891,807,7.156000137329102
